<?xml version="1.0" encoding="UTF-8"?>
<project-private xmlns="http://www.netbeans.org/ns/project-private/1">
    <editor-bookmarks xmlns="http://www.netbeans.org/ns/editor-bookmarks/2" lastBookmarkId="0"/>
    <open-files xmlns="http://www.netbeans.org/ns/projectui-open-files/2">
        <group>
            <file>file:/C:/Users/Julian2208/Desktop/Repositorio/Intelligent%20city%20codigo/src/sensoriot/IntelligentCityVision.java</file>
            <file>file:/C:/Users/Julian2208/Desktop/Repositorio/Intelligent%20city%20codigo/src/sensoriot/ServidorCentral.java</file>
            <file>file:/C:/Users/Julian2208/Desktop/Repositorio/Intelligent%20city%20codigo/src/sensoriot/ModuloEnergyPrediction.java</file>
            <file>file:/C:/Users/Julian2208/Desktop/Repositorio/Intelligent%20city%20codigo/src/sensoriot/RedComunicacion.java</file>
            <file>file:/C:/Users/Julian2208/Desktop/Repositorio/Intelligent%20city%20codigo/src/sensoriot/SensorIoT.java</file>
            <file>file:/C:/Users/Julian2208/Desktop/Repositorio/Intelligent%20city%20codigo/src/sensoriot/ModuloSecurityMonitoring.java</file>
            <file>file:/C:/Users/Julian2208/Desktop/Repositorio/Intelligent%20city%20codigo/src/sensoriot/ModuloWaterPrediction.java</file>
        </group>
    </open-files>
</project-private>
